231002,aichi_nagoya,https://www.google.com/alerts/feeds/15990744407146780737/8011557279738314835
141003,kanagawa_yokohama,https://www.google.com/alerts/feeds/15990744407146780737/5678699242860995325
202029,nagano_matsumoto,https://www.google.com/alerts/feeds/15990744407146780737/8011557279738318399
132080,tokyo_chofu,https://www.google.com/alerts/feeds/15990744407146780737/8011557279738314822
082201,ibaraki_tsukuba,https://www.google.com/alerts/feeds/15990744407146780737/8011557279738316545
221309,shizuoka_hamamatsu,https://www.google.com/alerts/feeds/15990744407146780737/14807389987483073019
142077,kanagawa_chigasaki,https://www.google.com/alerts/feeds/15990744407146780737/1324421038357625613
282031,hyogo_akashi,https://www.google.com/alerts/feeds/15990744407146780737/8011557279738317601
271004,osaka_osaka,https://www.google.com/alerts/feeds/15990744407146780737/8011557279738316890
141305,kanagawa_kawasaki,https://www.google.com/alerts/feeds/15990744407146780737/1324421038357625917
401005,fukuoka_kitakyushu,https://www.google.com/alerts/feeds/15990744407146780737/1324421038357625476
331007,okayama_okayama,https://www.google.com/alerts/feeds/15990744407146780737/1324421038357625199
143821,kanagawa_hakone,https://www.google.com/alerts/feeds/15990744407146780737/8011557279738316454
143847,kanagawa_yugawara,https://www.google.com/alerts/feeds/15990744407146780737/11759793603062633390
012025,hokkaido_hakodate,https://www.google.com/alerts/feeds/15990744407146780737/8011557279738316441
172014,ishikawa_kanazawa,https://www.google.com/alerts/feeds/15990744407146780737/8011557279738317549
342076,hiroshima_fukuyama,https://www.google.com/alerts/feeds/15990744407146780737/1324421038357624465
272108,osaka_hirakata,https://www.google.com/alerts/feeds/15990744407146780737/8011557279738314932
222038,shizuoka_numazu,https://www.google.com/alerts/feeds/15990744407146780737/11759793603062632623
232068,aichi_kasugai,https://www.google.com/alerts/feeds/15990744407146780737/11759793603062632687
192015,yamanashi_kofu,https://www.google.com/alerts/feeds/15990744407146780737/4774570072401935109
141500,kanagawa_sagamihara,https://www.google.com/alerts/feeds/15990744407146780737/13365484510454475231
271403,osaka_sakai,https://www.google.com/alerts/feeds/15990744407146780737/1299305877746988206
131091,tokyo_shinagawa,https://www.google.com/alerts/feeds/15990744407146780737/13365484510454475210
142018,kanagawa_yokosuka,https://www.google.com/alerts/feeds/15990744407146780737/16240971001738688292
112143,saitama_kasukabe,https://www.google.com/alerts/feeds/15990744407146780737/13365484510454475239
112020,saitama_kumagaya,https://www.google.com/alerts/feeds/15990744407146780737/13365484510454473175
422029,nagasaki_sasebo,https://www.google.com/alerts/feeds/15990744407146780737/6187991908549595303
142158,kanagawa_ebina,https://www.google.com/alerts/feeds/15990744407146780737/6187991908549596163
142042,kanagawa_kamakura,https://www.google.com/alerts/feeds/15990744407146780737/13365484510454476679
142034,kanagawa_hiratsuka,https://www.google.com/alerts/feeds/15990744407146780737/6187991908549596741
352039,yamaguchi_yamaguchi,https://www.google.com/alerts/feeds/15990744407146780737/4713077684148401282
281000,hyogo_kobe,https://www.google.com/alerts/feeds/15990744407146780737/6187991908549597055
261009,kyoto_kyoto,https://www.google.com/alerts/feeds/15990744407146780737/853546552446008180
102016,gunma_maebashi,https://www.google.com/alerts/feeds/15990744407146780737/4713077684148400587
092011,tochigi_utsunomiya,https://www.google.com/alerts/feeds/15990744407146780737/6187991908549595418
041009,miyagi_sendai,https://www.google.com/alerts/feeds/15990744407146780737/4713077684148400201
032018,iwate_morioka,https://www.google.com/alerts/feeds/15990744407146780737/853546552446008879
022012,aomori_aomori,https://www.google.com/alerts/feeds/15990744407146780737/6187991908549598405
011002,hokkaido_sapporo,https://www.google.com/alerts/feeds/15990744407146780737/4713077684148400546
151009,niigata_niigata,https://www.google.com/alerts/feeds/15990744407146780737/853546552446006755
162019,toyama_toyama,https://www.google.com/alerts/feeds/15990744407146780737/4713077684148401813
131121,tokyo_setagaya,https://www.google.com/alerts/feeds/15990744407146780737/14001367227885582777
131130,tokyo_shibuya,https://www.google.com/alerts/feeds/15990744407146780737/17243276089253082489
112089,saitama_tokorozawa,https://www.google.com/alerts/feeds/15990744407146780737/14560388189395756510
082015,ibaraki_mito,https://www.google.com/alerts/feeds/15990744407146780737/17226752446202631675
121002,chiba_chiba,https://www.google.com/alerts/feeds/15990744407146780737/11534048176601880358
122068,chiba_kisarazu,https://www.google.com/alerts/feeds/15990744407146780737/16006504694829999746
122114,chiba_narita,https://www.google.com/alerts/feeds/15990744407146780737/6903050964744206620
122122,chiba_sakura,https://www.google.com/alerts/feeds/15990744407146780737/3750770837704673245
112216,saitama_soka,https://www.google.com/alerts/feeds/15990744407146780737/5605912469051018679
122033,chiba_ichikawa,https://www.google.com/alerts/feeds/15990744407146780737/14184014167361909037
122076,chiba_matsudo,https://www.google.com/alerts/feeds/15990744407146780737/16006504694830001100
122084,chiba_noda,https://www.google.com/alerts/feeds/15990744407146780737/3750770837704673933
472018,okinawa_naha,https://www.google.com/alerts/feeds/15990744407146780737/8062474556182098492
462012,kagoshima_kagoshima,https://www.google.com/alerts/feeds/15990744407146780737/6288815064289490558
442011,oita_oita,https://www.google.com/alerts/feeds/15990744407146780737/4051341036810880342
